{
  "model": "ridge",
  "cv_MAE_mean": 0.09314529905174025,
  "cv_MAE_std": 0.026431240351244528,
  "cv_RMSE_mean": 0.12211104209372789,
  "cv_RMSE_std": 0.03854536459532975,
  "cv_R2_mean": 0.6147554907982415,
  "cv_R2_std": 0.25747437216150604,
  "cv_Spearman_mean": 0.7574293455024105,
  "cv_Spearman_std": 0.18292728530408428,
  "test_MAE": 0.08143652704145267,
  "test_RMSE": 0.10727764667962669,
  "test_R2": 0.7586732560297771,
  "test_Spearman": 0.7083823380431085,
  "n_cv_val_per_fold_avg": 17.2,
  "n_test": 22
}