{
  "MAE": 0.08143652704145267,
  "RMSE": 0.10727764667962669,
  "R2": 0.7586732560297771,
  "Spearman": 0.7083823380431085,
  "n": 22
}