{
  "model": "rf",
  "cv_MAE_mean": 0.12643121212121217,
  "cv_MAE_std": 0.029425928071742283,
  "cv_RMSE_mean": 0.16999046368645127,
  "cv_RMSE_std": 0.04936472984577669,
  "cv_R2_mean": -0.3681197900820953,
  "cv_R2_std": 1.42356142573266,
  "cv_Spearman_mean": 0.5482731026973999,
  "cv_Spearman_std": 0.3125371722359732,
  "test_MAE": 0.08817380952380972,
  "test_RMSE": 0.10510443596878982,
  "test_R2": 0.6752507428460968,
  "test_Spearman": 0.4178035689175855,
  "n_cv_val_per_fold_avg": 11.2,
  "n_test": 14
}