{
  "model": "ridge",
  "cv_MAE_mean": 0.08935603113957669,
  "cv_MAE_std": 0.012190197097238353,
  "cv_RMSE_mean": 0.11578636505007914,
  "cv_RMSE_std": 0.02079907771663341,
  "cv_R2_mean": 0.6791098773398159,
  "cv_R2_std": 0.12278901152650154,
  "cv_Spearman_mean": 0.7636172641595572,
  "cv_Spearman_std": 0.2166833431112735,
  "test_MAE": 0.08773395578274559,
  "test_RMSE": 0.11237407719823266,
  "test_R2": 0.7351992235473587,
  "test_Spearman": 0.7174423839333481,
  "n_cv_val_per_fold_avg": 17.2,
  "n_test": 22
}