{
  "MAE": 0.08773395578274559,
  "RMSE": 0.11237407719823266,
  "R2": 0.7351992235473587,
  "Spearman": 0.7174423839333481,
  "n": 22
}