{
  "model": "elasticnet",
  "cv_MAE_mean": 0.14051648443636935,
  "cv_MAE_std": 0.04975554446336328,
  "cv_RMSE_mean": 0.20089857292543994,
  "cv_RMSE_std": 0.07661102745480018,
  "cv_R2_mean": -3.2296110998969816,
  "cv_R2_std": 7.69416631571602,
  "cv_Spearman_mean": 0.45836086116116476,
  "cv_Spearman_std": 0.2839923601847206,
  "test_MAE": 0.08795309829523679,
  "test_RMSE": 0.1059923103431887,
  "test_R2": 0.6697409009689352,
  "test_Spearman": 0.5155873829195736,
  "n_cv_val_per_fold_avg": 11.2,
  "n_test": 14
}