{
  "model": "lasso",
  "cv_MAE_mean": 0.14241249046744497,
  "cv_MAE_std": 0.03388952617475819,
  "cv_RMSE_mean": 0.1996646985126628,
  "cv_RMSE_std": 0.04777516106598676,
  "cv_R2_mean": -0.1036656849560917,
  "cv_R2_std": 0.4302694393174915,
  "cv_Spearman_mean": 0.5105910359068477,
  "cv_Spearman_std": 0.15570022754177054,
  "test_MAE": 0.10850127582186193,
  "test_RMSE": 0.13309628417930194,
  "test_R2": 0.6595262762863736,
  "test_Spearman": 0.5851936504320581,
  "n_cv_val_per_fold_avg": 12.0,
  "n_test": 15
}