{
  "MAE": 0.10850127582186193,
  "RMSE": 0.13309628417930194,
  "R2": 0.6595262762863736,
  "Spearman": 0.5851936504320581,
  "n": 15
}