{
  "model": "rf",
  "cv_MAE_mean": 0.1268616666666667,
  "cv_MAE_std": 0.01773240644768554,
  "cv_RMSE_mean": 0.16155940846886546,
  "cv_RMSE_std": 0.041406260681417444,
  "cv_R2_mean": 0.2659345945479755,
  "cv_R2_std": 0.35211171504944766,
  "cv_Spearman_mean": 0.4500387542760119,
  "cv_Spearman_std": 0.11746076450781898,
  "test_MAE": 0.1517177777777779,
  "test_RMSE": 0.1752957710081257,
  "test_R2": 0.4093984034647139,
  "test_Spearman": 0.3858216811996849,
  "n_cv_val_per_fold_avg": 12.0,
  "n_test": 15
}