{
  "MAE": 0.1517177777777779,
  "RMSE": 0.1752957710081257,
  "R2": 0.4093984034647139,
  "Spearman": 0.3858216811996849,
  "n": 15
}