{
  "model": "lasso",
  "cv_MAE_mean": 0.14637653217599833,
  "cv_MAE_std": 0.045331958009210645,
  "cv_RMSE_mean": 0.20594075421493466,
  "cv_RMSE_std": 0.08312019261333135,
  "cv_R2_mean": -4.958538787891028,
  "cv_R2_std": 11.723641686556967,
  "cv_Spearman_mean": 0.5111236033012425,
  "cv_Spearman_std": 0.19930896216417823,
  "test_MAE": 0.09081539344388774,
  "test_RMSE": 0.12873215618606942,
  "test_R2": 0.5128304208423715,
  "test_Spearman": 0.4111364906901772,
  "n_cv_val_per_fold_avg": 11.2,
  "n_test": 14
}