{
  "MAE": 0.09081539344388774,
  "RMSE": 0.12873215618606942,
  "R2": 0.5128304208423715,
  "Spearman": 0.4111364906901772,
  "n": 14
}