{
  "model": "ridge",
  "cv_MAE_mean": 0.12457475742150954,
  "cv_MAE_std": 0.04241869282703659,
  "cv_RMSE_mean": 0.170472880088891,
  "cv_RMSE_std": 0.06238321089921133,
  "cv_R2_mean": -1.7537282193500352,
  "cv_R2_std": 4.867523665355425,
  "cv_Spearman_mean": 0.5620595616083227,
  "cv_Spearman_std": 0.2917915584818723,
  "test_MAE": 0.07679067928597798,
  "test_RMSE": 0.09209021720483081,
  "test_R2": 0.7506938058063606,
  "test_Spearman": 0.6355947910129226,
  "n_cv_val_per_fold_avg": 11.2,
  "n_test": 14
}