{
  "MAE": 0.07679067928597798,
  "RMSE": 0.09209021720483081,
  "R2": 0.7506938058063606,
  "Spearman": 0.6355947910129226,
  "n": 14
}