{
  "model": "lasso",
  "cv_MAE_mean": 0.13397159924152385,
  "cv_MAE_std": 0.020380946671668503,
  "cv_RMSE_mean": 0.18830940896616621,
  "cv_RMSE_std": 0.019298361509065737,
  "cv_R2_mean": 0.022130009808559236,
  "cv_R2_std": 0.2570291263783767,
  "cv_Spearman_mean": 0.5064309259860619,
  "cv_Spearman_std": 0.174818660915608,
  "test_MAE": 0.10801994393697098,
  "test_RMSE": 0.13666656532417465,
  "test_R2": 0.6410150028668398,
  "test_Spearman": 0.8104101341945535,
  "n_cv_val_per_fold_avg": 12.0,
  "n_test": 15
}