{
  "MAE": 0.10801994393697098,
  "RMSE": 0.13666656532417465,
  "R2": 0.6410150028668398,
  "Spearman": 0.8104101341945535,
  "n": 15
}