{
  "model": "ridge",
  "cv_MAE_mean": 0.11075271954826171,
  "cv_MAE_std": 0.01831281255225607,
  "cv_RMSE_mean": 0.14917464677419928,
  "cv_RMSE_std": 0.03850355219721576,
  "cv_R2_mean": 0.385793020529175,
  "cv_R2_std": 0.26374378038826524,
  "cv_Spearman_mean": 0.5203388440813562,
  "cv_Spearman_std": 0.08615333541533578,
  "test_MAE": 0.11891905027099996,
  "test_RMSE": 0.14292925115348032,
  "test_R2": 0.6073605113405004,
  "test_Spearman": 0.6941098188090026,
  "n_cv_val_per_fold_avg": 12.0,
  "n_test": 15
}