{
  "MAE": 0.11891905027099996,
  "RMSE": 0.14292925115348032,
  "R2": 0.6073605113405004,
  "Spearman": 0.6941098188090026,
  "n": 15
}