{
  "model": "elasticnet",
  "cv_MAE_mean": 0.09079258038658503,
  "cv_MAE_std": 0.04196501155606673,
  "cv_RMSE_mean": 0.13446813615973713,
  "cv_RMSE_std": 0.05509616421807779,
  "cv_R2_mean": 0.5041924532023058,
  "cv_R2_std": 0.36536156838524003,
  "cv_Spearman_mean": 0.6678772210896344,
  "cv_Spearman_std": 0.2518903494667441,
  "test_MAE": 0.09013576910354111,
  "test_RMSE": 0.1337623168856805,
  "test_R2": 0.6248071594798106,
  "test_Spearman": 0.697623533548449,
  "n_cv_val_per_fold_avg": 17.2,
  "n_test": 22
}