{
  "MAE": 0.09013576910354111,
  "RMSE": 0.1337623168856805,
  "R2": 0.6248071594798106,
  "Spearman": 0.697623533548449,
  "n": 22
}