{
  "model": "ridge",
  "cv_MAE_mean": 0.10807698000029631,
  "cv_MAE_std": 0.01714146730985496,
  "cv_RMSE_mean": 0.14570402853052972,
  "cv_RMSE_std": 0.038819000821231193,
  "cv_R2_mean": 0.4120887330657723,
  "cv_R2_std": 0.263846818549239,
  "cv_Spearman_mean": 0.5534014029365207,
  "cv_Spearman_std": 0.11739862463465693,
  "test_MAE": 0.11471053656898893,
  "test_RMSE": 0.1371139764515288,
  "test_R2": 0.6386607066843626,
  "test_Spearman": 0.6978018923133058,
  "n_cv_val_per_fold_avg": 12.0,
  "n_test": 15
}