{
  "MAE": 0.11471053656898893,
  "RMSE": 0.1371139764515288,
  "R2": 0.6386607066843626,
  "Spearman": 0.6978018923133058,
  "n": 15
}