{
  "model": "ridge",
  "cv_MAE_mean": 0.12801397211469728,
  "cv_MAE_std": 0.016146916487559896,
  "cv_RMSE_mean": 0.17322257845313419,
  "cv_RMSE_std": 0.011915997349861335,
  "cv_R2_mean": -1.1131100008519919,
  "cv_R2_std": 3.081545586779077,
  "cv_Spearman_mean": 0.5602040607651957,
  "cv_Spearman_std": 0.2777356220438428,
  "test_MAE": 0.0883522724581783,
  "test_RMSE": 0.10801021968508592,
  "test_R2": 0.6570460784637826,
  "test_Spearman": 0.5867028840119287,
  "n_cv_val_per_fold_avg": 11.2,
  "n_test": 14
}