{
  "MAE": 0.0883522724581783,
  "RMSE": 0.10801021968508592,
  "R2": 0.6570460784637826,
  "Spearman": 0.5867028840119287,
  "n": 14
}