{
  "model": "lasso",
  "cv_MAE_mean": 0.07968046052201752,
  "cv_MAE_std": 0.03274703323723201,
  "cv_RMSE_mean": 0.10818655504943211,
  "cv_RMSE_std": 0.03986576466809379,
  "cv_R2_mean": 0.6870467085058249,
  "cv_R2_std": 0.2240219490762506,
  "cv_Spearman_mean": 0.6526800939792791,
  "cv_Spearman_std": 0.28202593939971365,
  "test_MAE": 0.06985902990809625,
  "test_RMSE": 0.09586435917244535,
  "test_R2": 0.8072912988051268,
  "test_Spearman": 0.7536825674943065,
  "n_cv_val_per_fold_avg": 17.2,
  "n_test": 22
}