{
  "MAE": 0.06985902990809625,
  "RMSE": 0.09586435917244535,
  "R2": 0.8072912988051268,
  "Spearman": 0.7536825674943065,
  "n": 22
}