{
  "model": "elasticnet",
  "cv_MAE_mean": 0.14269835302058181,
  "cv_MAE_std": 0.03208884869283109,
  "cv_RMSE_mean": 0.19989224531113478,
  "cv_RMSE_std": 0.04982122101317922,
  "cv_R2_mean": -0.10755959332271112,
  "cv_R2_std": 0.43951234176539666,
  "cv_Spearman_mean": 0.5211443494536736,
  "cv_Spearman_std": 0.17171844748751158,
  "test_MAE": 0.0997131418468378,
  "test_RMSE": 0.12322138831275986,
  "test_R2": 0.7081740325126092,
  "test_Spearman": 0.6682653042788801,
  "n_cv_val_per_fold_avg": 12.0,
  "n_test": 15
}