{
  "MAE": 0.0997131418468378,
  "RMSE": 0.12322138831275986,
  "R2": 0.7081740325126092,
  "Spearman": 0.6682653042788801,
  "n": 15
}