{
  "MAE": 0.08817380952380972,
  "RMSE": 0.10510443596878982,
  "R2": 0.6752507428460968,
  "Spearman": 0.4178035689175855,
  "n": 14
}