{
  "model": "ridge",
  "cv_MAE_mean": 0.09074301844360987,
  "cv_MAE_std": 0.011150464432597615,
  "cv_RMSE_mean": 0.11836721685117838,
  "cv_RMSE_std": 0.020439908399979268,
  "cv_R2_mean": 0.6661548536580092,
  "cv_R2_std": 0.1339486694222199,
  "cv_Spearman_mean": 0.7136796237350355,
  "cv_Spearman_std": 0.23442288178787665,
  "test_MAE": 0.08865643418648488,
  "test_RMSE": 0.11187996031196203,
  "test_R2": 0.7375227998807428,
  "test_Spearman": 0.7457550273403469,
  "n_cv_val_per_fold_avg": 17.2,
  "n_test": 22
}