{
  "MAE": 0.08865643418648488,
  "RMSE": 0.11187996031196203,
  "R2": 0.7375227998807428,
  "Spearman": 0.7457550273403469,
  "n": 22
}