{
  "model": "lasso",
  "cv_MAE_mean": 0.1475126944429745,
  "cv_MAE_std": 0.02101157748312457,
  "cv_RMSE_mean": 0.2048636085180235,
  "cv_RMSE_std": 0.039486489600979766,
  "cv_R2_mean": -3.832125929212572,
  "cv_R2_std": 8.856882414446778,
  "cv_Spearman_mean": 0.45401521522240457,
  "cv_Spearman_std": 0.24421474587088837,
  "test_MAE": 0.10722845768922491,
  "test_RMSE": 0.13746755403393704,
  "test_R2": 0.4444713199096506,
  "test_Spearman": 0.4000246936444967,
  "n_cv_val_per_fold_avg": 11.2,
  "n_test": 14
}