{
  "MAE": 0.10722845768922491,
  "RMSE": 0.13746755403393704,
  "R2": 0.4444713199096506,
  "Spearman": 0.4000246936444967,
  "n": 14
}