{
  "model": "linearsvr",
  "cv_MAE_mean": 0.15580112776901336,
  "cv_MAE_std": 0.0464550006829841,
  "cv_RMSE_mean": 0.21045263881465445,
  "cv_RMSE_std": 0.06048845259760567,
  "cv_R2_mean": -0.9837921740852817,
  "cv_R2_std": 1.734207576123276,
  "cv_Spearman_mean": 0.3794621220533929,
  "cv_Spearman_std": 0.26517117604914325,
  "test_MAE": 0.0932907492188828,
  "test_RMSE": 0.10978568764310086,
  "test_R2": 0.6456784825328652,
  "test_Spearman": 0.5111426641013015,
  "n_cv_val_per_fold_avg": 11.2,
  "n_test": 14
}