{
  "MAE": 0.0932907492188828,
  "RMSE": 0.10978568764310086,
  "R2": 0.6456784825328652,
  "Spearman": 0.5111426641013015,
  "n": 14
}