{
  "model": "linearsvr",
  "cv_MAE_mean": 0.12837717550179278,
  "cv_MAE_std": 0.02992901043609416,
  "cv_RMSE_mean": 0.179839181098769,
  "cv_RMSE_std": 0.047442833850178744,
  "cv_R2_mean": 0.07462689031568155,
  "cv_R2_std": 0.44628458722271835,
  "cv_Spearman_mean": 0.5595436838412247,
  "cv_Spearman_std": 0.17256171487916278,
  "test_MAE": 0.10852085525328073,
  "test_RMSE": 0.13500537751667507,
  "test_R2": 0.6496889198704585,
  "test_Spearman": 0.6910350165458363,
  "n_cv_val_per_fold_avg": 12.0,
  "n_test": 15
}