{
  "MAE": 0.10852085525328073,
  "RMSE": 0.13500537751667507,
  "R2": 0.6496889198704585,
  "Spearman": 0.6910350165458363,
  "n": 15
}