{
  "MAE": 0.08795309829523679,
  "RMSE": 0.1059923103431887,
  "R2": 0.6697409009689352,
  "Spearman": 0.5155873829195736,
  "n": 14
}