{
  "model": "elasticnet",
  "cv_MAE_mean": 0.13436993278827267,
  "cv_MAE_std": 0.0505371304674536,
  "cv_RMSE_mean": 0.19668538901498567,
  "cv_RMSE_std": 0.08282875739851824,
  "cv_R2_mean": -4.628656885443421,
  "cv_R2_std": 11.113491450564139,
  "cv_Spearman_mean": 0.5484952182411297,
  "cv_Spearman_std": 0.17188031748940577,
  "test_MAE": 0.11018153334323531,
  "test_RMSE": 0.13977269531448783,
  "test_R2": 0.4256842131487374,
  "test_Spearman": 0.5333662581926625,
  "n_cv_val_per_fold_avg": 11.2,
  "n_test": 14
}