{
  "MAE": 0.11018153334323531,
  "RMSE": 0.13977269531448783,
  "R2": 0.4256842131487374,
  "Spearman": 0.5333662581926625,
  "n": 14
}