{
  "model": "rf",
  "cv_MAE_mean": 0.10641601010101003,
  "cv_MAE_std": 0.018644925279747347,
  "cv_RMSE_mean": 0.13922054551372415,
  "cv_RMSE_std": 0.028974094681571833,
  "cv_R2_mean": 0.035796710444580306,
  "cv_R2_std": 1.014911847434022,
  "cv_Spearman_mean": 0.44264731944899116,
  "cv_Spearman_std": 0.4262087050313762,
  "test_MAE": 0.06746428571428595,
  "test_RMSE": 0.0821439169703887,
  "test_R2": 0.8016387253210939,
  "test_Spearman": 0.47558491355512394,
  "n_cv_val_per_fold_avg": 11.2,
  "n_test": 14
}