{
  "MAE": 0.06746428571428595,
  "RMSE": 0.0821439169703887,
  "R2": 0.8016387253210939,
  "Spearman": 0.47558491355512394,
  "n": 14
}