{
  "model": "linearsvr",
  "cv_MAE_mean": 0.12884756661738134,
  "cv_MAE_std": 0.03193887888227452,
  "cv_RMSE_mean": 0.17777425766469995,
  "cv_RMSE_std": 0.05248794214255228,
  "cv_R2_mean": 0.11821830361670889,
  "cv_R2_std": 0.46213243952816196,
  "cv_Spearman_mean": 0.4958608948666857,
  "cv_Spearman_std": 0.18163488482869877,
  "test_MAE": 0.10938146571177641,
  "test_RMSE": 0.13879227232824262,
  "test_R2": 0.6297608748006818,
  "test_Spearman": 0.6522335851355086,
  "n_cv_val_per_fold_avg": 12.0,
  "n_test": 15
}