{
  "MAE": 0.10938146571177641,
  "RMSE": 0.13879227232824262,
  "R2": 0.6297608748006818,
  "Spearman": 0.6522335851355086,
  "n": 15
}