{
  "model": "lasso",
  "cv_MAE_mean": 0.15316615555309185,
  "cv_MAE_std": 0.045307475223834014,
  "cv_RMSE_mean": 0.21995438450945054,
  "cv_RMSE_std": 0.08119393107467134,
  "cv_R2_mean": -5.3554251823493635,
  "cv_R2_std": 12.330314939784218,
  "cv_Spearman_mean": 0.448356353366283,
  "cv_Spearman_std": 0.18335082275530792,
  "test_MAE": 0.08913218926580908,
  "test_RMSE": 0.1143372045704841,
  "test_R2": 0.6156904167500225,
  "test_Spearman": 0.48834482815675184,
  "n_cv_val_per_fold_avg": 11.2,
  "n_test": 14
}