{
  "MAE": 0.08913218926580908,
  "RMSE": 0.1143372045704841,
  "R2": 0.6156904167500225,
  "Spearman": 0.48834482815675184,
  "n": 14
}