{
  "model": "rf",
  "cv_MAE_mean": 0.09092851851851856,
  "cv_MAE_std": 0.026446593250576522,
  "cv_RMSE_mean": 0.11519556508266311,
  "cv_RMSE_std": 0.032662148593490654,
  "cv_R2_mean": 0.6635473539803114,
  "cv_R2_std": 0.2192475845671992,
  "cv_Spearman_mean": 0.6845546856406426,
  "cv_Spearman_std": 0.22677880632526898,
  "test_MAE": 0.07004090909090915,
  "test_RMSE": 0.09992436963256095,
  "test_R2": 0.7906225954937829,
  "test_Spearman": 0.67497341882285,
  "n_cv_val_per_fold_avg": 17.2,
  "n_test": 22
}