{
  "MAE": 0.07004090909090915,
  "RMSE": 0.09992436963256095,
  "R2": 0.7906225954937829,
  "Spearman": 0.67497341882285,
  "n": 22
}