{
  "model": "elasticnet",
  "cv_MAE_mean": 0.07360030807279276,
  "cv_MAE_std": 0.03145763999795251,
  "cv_RMSE_mean": 0.10648890258482631,
  "cv_RMSE_std": 0.039783172863217316,
  "cv_R2_mean": 0.6946056313154363,
  "cv_R2_std": 0.2366195518181692,
  "cv_Spearman_mean": 0.6671450502313904,
  "cv_Spearman_std": 0.27096742749934644,
  "test_MAE": 0.06197975767348478,
  "test_RMSE": 0.0977310668502899,
  "test_R2": 0.7997132328039798,
  "test_Spearman": 0.7904890039234048,
  "n_cv_val_per_fold_avg": 17.2,
  "n_test": 22
}