{
  "MAE": 0.06197975767348478,
  "RMSE": 0.0977310668502899,
  "R2": 0.7997132328039798,
  "Spearman": 0.7904890039234048,
  "n": 22
}