{
  "model": "linearsvr",
  "cv_MAE_mean": 0.11893253334985088,
  "cv_MAE_std": 0.024078802088731498,
  "cv_RMSE_mean": 0.16695379585632766,
  "cv_RMSE_std": 0.04198630174859678,
  "cv_R2_mean": 0.22233236954329127,
  "cv_R2_std": 0.3613963120059447,
  "cv_Spearman_mean": 0.5505890912246902,
  "cv_Spearman_std": 0.0939556948816405,
  "test_MAE": 0.10303906202306022,
  "test_RMSE": 0.13200399170204094,
  "test_R2": 0.6650917336642312,
  "test_Spearman": 0.7058165142259613,
  "n_cv_val_per_fold_avg": 12.0,
  "n_test": 15
}