{
  "MAE": 0.10303906202306022,
  "RMSE": 0.13200399170204094,
  "R2": 0.6650917336642312,
  "Spearman": 0.7058165142259613,
  "n": 15
}