{
  "model": "elasticnet",
  "cv_MAE_mean": 0.07785033600980204,
  "cv_MAE_std": 0.02878064598799474,
  "cv_RMSE_mean": 0.11012004056775444,
  "cv_RMSE_std": 0.037211947156934946,
  "cv_R2_mean": 0.6828247216336873,
  "cv_R2_std": 0.2091979519910891,
  "cv_Spearman_mean": 0.7043417209664204,
  "cv_Spearman_std": 0.22647934742784462,
  "test_MAE": 0.07365002246427216,
  "test_RMSE": 0.11237903152660873,
  "test_R2": 0.7351758740533627,
  "test_Spearman": 0.7265024298235878,
  "n_cv_val_per_fold_avg": 17.2,
  "n_test": 22
}