{
  "MAE": 0.07365002246427216,
  "RMSE": 0.11237903152660873,
  "R2": 0.7351758740533627,
  "Spearman": 0.7265024298235878,
  "n": 22
}