{
  "model": "lasso",
  "cv_MAE_mean": 0.08134549234349935,
  "cv_MAE_std": 0.03045150305603977,
  "cv_RMSE_mean": 0.10937043241928271,
  "cv_RMSE_std": 0.038725580130747075,
  "cv_R2_mean": 0.6842711796192585,
  "cv_R2_std": 0.20394890802758664,
  "cv_Spearman_mean": 0.6964242364335347,
  "cv_Spearman_std": 0.24695583800296608,
  "test_MAE": 0.07648898293849243,
  "test_RMSE": 0.1074867803445797,
  "test_R2": 0.7577314243955922,
  "test_Spearman": 0.7502850502854667,
  "n_cv_val_per_fold_avg": 17.2,
  "n_test": 22
}