{
  "MAE": 0.07648898293849243,
  "RMSE": 0.1074867803445797,
  "R2": 0.7577314243955922,
  "Spearman": 0.7502850502854667,
  "n": 22
}