{
  "model": "elasticnet",
  "cv_MAE_mean": 0.13035954074872774,
  "cv_MAE_std": 0.027955729894176773,
  "cv_RMSE_mean": 0.18099645917964688,
  "cv_RMSE_std": 0.040751872388175174,
  "cv_R2_mean": 0.09364417996243717,
  "cv_R2_std": 0.36035519073853606,
  "cv_Spearman_mean": 0.4646199827683234,
  "cv_Spearman_std": 0.20432952722874415,
  "test_MAE": 0.09668470039807436,
  "test_RMSE": 0.12389420607412453,
  "test_R2": 0.7049784551265126,
  "test_Spearman": 0.6744058316556958,
  "n_cv_val_per_fold_avg": 12.0,
  "n_test": 15
}