{
  "MAE": 0.09668470039807436,
  "RMSE": 0.12389420607412453,
  "R2": 0.7049784551265126,
  "Spearman": 0.6744058316556958,
  "n": 15
}