{
  "model": "linearsvr",
  "cv_MAE_mean": 0.06244561381791448,
  "cv_MAE_std": 0.02993633100621361,
  "cv_RMSE_mean": 0.10563826903397247,
  "cv_RMSE_std": 0.027881296216287255,
  "cv_R2_mean": 0.7207376443834755,
  "cv_R2_std": 0.17009144471490517,
  "cv_Spearman_mean": 0.6888789864364923,
  "cv_Spearman_std": 0.22467854459514708,
  "test_MAE": 0.08029270417951025,
  "test_RMSE": 0.1299519696704845,
  "test_R2": 0.6458781614526348,
  "test_Spearman": 0.6120091323864805,
  "n_cv_val_per_fold_avg": 17.2,
  "n_test": 22
}