{
  "MAE": 0.08029270417951025,
  "RMSE": 0.1299519696704845,
  "R2": 0.6458781614526348,
  "Spearman": 0.6120091323864805,
  "n": 22
}