{
  "model": "ridge",
  "cv_MAE_mean": 0.11696382809100687,
  "cv_MAE_std": 0.020715256000227382,
  "cv_RMSE_mean": 0.15834449411102308,
  "cv_RMSE_std": 0.03822792536296484,
  "cv_R2_mean": 0.278029396882173,
  "cv_R2_std": 0.3860725191376653,
  "cv_Spearman_mean": 0.6017920848516264,
  "cv_Spearman_std": 0.12298260336756744,
  "test_MAE": 0.11793214594110285,
  "test_RMSE": 0.1390555104125932,
  "test_R2": 0.6283551270544793,
  "test_Spearman": 0.6941098188090026,
  "n_cv_val_per_fold_avg": 12.0,
  "n_test": 15
}