{
  "MAE": 0.11793214594110285,
  "RMSE": 0.1390555104125932,
  "R2": 0.6283551270544793,
  "Spearman": 0.6941098188090026,
  "n": 15
}