{
  "model": "elasticnet",
  "cv_MAE_mean": 0.14792632352150253,
  "cv_MAE_std": 0.023451910526612586,
  "cv_RMSE_mean": 0.2067036488720547,
  "cv_RMSE_std": 0.04172856490292489,
  "cv_R2_mean": -4.140012753242443,
  "cv_R2_std": 9.54749599241972,
  "cv_Spearman_mean": 0.4931842264740399,
  "cv_Spearman_std": 0.22183276207497757,
  "test_MAE": 0.11347757081781722,
  "test_RMSE": 0.13460817543875989,
  "test_R2": 0.467341392256148,
  "test_Spearman": 0.4311377253724021,
  "n_cv_val_per_fold_avg": 11.2,
  "n_test": 14
}