{
  "MAE": 0.11347757081781722,
  "RMSE": 0.13460817543875989,
  "R2": 0.467341392256148,
  "Spearman": 0.4311377253724021,
  "n": 14
}