{
  "model": "linearsvr",
  "cv_MAE_mean": 0.13196486942235025,
  "cv_MAE_std": 0.05224964708349507,
  "cv_RMSE_mean": 0.17981919052514966,
  "cv_RMSE_std": 0.08342528753705564,
  "cv_R2_mean": -0.974528357983281,
  "cv_R2_std": 2.7226636212056974,
  "cv_Spearman_mean": 0.49872955049375156,
  "cv_Spearman_std": 0.2743026825448061,
  "test_MAE": 0.08058510593882924,
  "test_RMSE": 0.09007021215297645,
  "test_R2": 0.7615109488117666,
  "test_Spearman": 0.6267053533763782,
  "n_cv_val_per_fold_avg": 11.2,
  "n_test": 14
}