{
  "MAE": 0.08058510593882924,
  "RMSE": 0.09007021215297645,
  "R2": 0.7615109488117666,
  "Spearman": 0.6267053533763782,
  "n": 14
}