{
  "model": "rf",
  "cv_MAE_mean": 0.12762999999999997,
  "cv_MAE_std": 0.01815126560053668,
  "cv_RMSE_mean": 0.1630447722080029,
  "cv_RMSE_std": 0.041116752748576804,
  "cv_R2_mean": 0.24740235291837737,
  "cv_R2_std": 0.36986387118096853,
  "cv_Spearman_mean": 0.44657615828972225,
  "cv_Spearman_std": 0.15390195104011253,
  "test_MAE": 0.1521111111111111,
  "test_RMSE": 0.17576031954319438,
  "test_R2": 0.40626396790414776,
  "test_Spearman": 0.39874393846474615,
  "n_cv_val_per_fold_avg": 12.0,
  "n_test": 15
}