{
  "MAE": 0.1521111111111111,
  "RMSE": 0.17576031954319438,
  "R2": 0.40626396790414776,
  "Spearman": 0.39874393846474615,
  "n": 15
}