{
  "model": "rf",
  "cv_MAE_mean": 0.09436488017429186,
  "cv_MAE_std": 0.016173538545337127,
  "cv_RMSE_mean": 0.12189328132832289,
  "cv_RMSE_std": 0.02430045318206247,
  "cv_R2_mean": 0.6417568594733455,
  "cv_R2_std": 0.14453408049066263,
  "cv_Spearman_mean": 0.7018484399749386,
  "cv_Spearman_std": 0.21035359822013205,
  "test_MAE": 0.08217878787878809,
  "test_RMSE": 0.1148208917040674,
  "test_R2": 0.7235422252261099,
  "test_Spearman": 0.7168761310652082,
  "n_cv_val_per_fold_avg": 17.2,
  "n_test": 22
}