{
  "MAE": 0.08217878787878809,
  "RMSE": 0.1148208917040674,
  "R2": 0.7235422252261099,
  "Spearman": 0.7168761310652082,
  "n": 22
}