{
  "model": "rf",
  "cv_MAE_mean": 0.12660191919191927,
  "cv_MAE_std": 0.031385652328321065,
  "cv_RMSE_mean": 0.1695718985521504,
  "cv_RMSE_std": 0.05132565889280605,
  "cv_R2_mean": -0.3188906689530331,
  "cv_R2_std": 1.313661326359959,
  "cv_Spearman_mean": 0.5302010748657047,
  "cv_Spearman_std": 0.33152840157040886,
  "test_MAE": 0.09062619047619037,
  "test_RMSE": 0.10760802730132396,
  "test_R2": 0.6595954047698819,
  "test_Spearman": 0.40446941246276896,
  "n_cv_val_per_fold_avg": 11.2,
  "n_test": 14
}