{
  "MAE": 0.09062619047619037,
  "RMSE": 0.10760802730132396,
  "R2": 0.6595954047698819,
  "Spearman": 0.40446941246276896,
  "n": 14
}