{
  "model": "ridge",
  "cv_MAE_mean": 0.12411133552769264,
  "cv_MAE_std": 0.04317844995582282,
  "cv_RMSE_mean": 0.1633862493435876,
  "cv_RMSE_std": 0.06722579639867887,
  "cv_R2_mean": -0.5581843798223447,
  "cv_R2_std": 2.105268554209516,
  "cv_Spearman_mean": 0.5377373128768531,
  "cv_Spearman_std": 0.27427546839345784,
  "test_MAE": 0.07417850130034591,
  "test_RMSE": 0.08670135861408992,
  "test_R2": 0.77901750112284,
  "test_Spearman": 0.6600407445134197,
  "n_cv_val_per_fold_avg": 11.2,
  "n_test": 14
}