{
  "MAE": 0.07417850130034591,
  "RMSE": 0.08670135861408992,
  "R2": 0.77901750112284,
  "Spearman": 0.6600407445134197,
  "n": 14
}