{
  "model": "linearsvr",
  "cv_MAE_mean": 0.061186901463174445,
  "cv_MAE_std": 0.023259308073236604,
  "cv_RMSE_mean": 0.10280374971483322,
  "cv_RMSE_std": 0.027380868244030528,
  "cv_R2_mean": 0.7384586538179301,
  "cv_R2_std": 0.1566678719967633,
  "cv_Spearman_mean": 0.7186006157469237,
  "cv_Spearman_std": 0.226759788294018,
  "test_MAE": 0.07479183328703089,
  "test_RMSE": 0.12132248740469355,
  "test_R2": 0.6913476491763851,
  "test_Spearman": 0.7236711654828879,
  "n_cv_val_per_fold_avg": 17.2,
  "n_test": 22
}