{
  "MAE": 0.07479183328703089,
  "RMSE": 0.12132248740469355,
  "R2": 0.6913476491763851,
  "Spearman": 0.7236711654828879,
  "n": 22
}