{
  "model": "elasticnet",
  "cv_MAE_mean": 0.1323389660087639,
  "cv_MAE_std": 0.022137177850464377,
  "cv_RMSE_mean": 0.18463975425179185,
  "cv_RMSE_std": 0.029526939959391704,
  "cv_R2_mean": 0.0623440001975184,
  "cv_R2_std": 0.28904450129801745,
  "cv_Spearman_mean": 0.4923666223003241,
  "cv_Spearman_std": 0.22405207747921044,
  "test_MAE": 0.09522686541885665,
  "test_RMSE": 0.12396658640913137,
  "test_R2": 0.7046336448811061,
  "test_Spearman": 0.8159482444510083,
  "n_cv_val_per_fold_avg": 12.0,
  "n_test": 15
}