{
  "MAE": 0.09522686541885665,
  "RMSE": 0.12396658640913137,
  "R2": 0.7046336448811061,
  "Spearman": 0.8159482444510083,
  "n": 15
}