{
  "model": "lasso",
  "cv_MAE_mean": 0.0955939136841923,
  "cv_MAE_std": 0.04491982764427682,
  "cv_RMSE_mean": 0.13619603855810866,
  "cv_RMSE_std": 0.05891018506495681,
  "cv_R2_mean": 0.4840505671223558,
  "cv_R2_std": 0.40064879539919107,
  "cv_Spearman_mean": 0.6634621034370364,
  "cv_Spearman_std": 0.24568454250873537,
  "test_MAE": 0.09754463022209482,
  "test_RMSE": 0.1441104150670786,
  "test_R2": 0.56451047269163,
  "test_Spearman": 0.6823347061086698,
  "n_cv_val_per_fold_avg": 17.2,
  "n_test": 22
}