{
  "MAE": 0.09754463022209482,
  "RMSE": 0.1441104150670786,
  "R2": 0.56451047269163,
  "Spearman": 0.6823347061086698,
  "n": 22
}