{
  "model": "rf",
  "cv_MAE_mean": 0.1270977777777778,
  "cv_MAE_std": 0.017612091893474437,
  "cv_RMSE_mean": 0.16075708576955186,
  "cv_RMSE_std": 0.040114459571946474,
  "cv_R2_mean": 0.2604227918691697,
  "cv_R2_std": 0.38787668806272,
  "cv_Spearman_mean": 0.4844715551144687,
  "cv_Spearman_std": 0.17554704198369983,
  "test_MAE": 0.1480355555555556,
  "test_RMSE": 0.16878165733234093,
  "test_R2": 0.4524771695738605,
  "test_Spearman": 0.47812351880726506,
  "n_cv_val_per_fold_avg": 12.0,
  "n_test": 15
}