{
  "MAE": 0.1480355555555556,
  "RMSE": 0.16878165733234093,
  "R2": 0.4524771695738605,
  "Spearman": 0.47812351880726506,
  "n": 15
}