{
  "model": "rf",
  "cv_MAE_mean": 0.09489540305010878,
  "cv_MAE_std": 0.015211296864639305,
  "cv_RMSE_mean": 0.122300084563072,
  "cv_RMSE_std": 0.02295417028169997,
  "cv_R2_mean": 0.6412927271333,
  "cv_R2_std": 0.13923492450087835,
  "cv_Spearman_mean": 0.6999831509947437,
  "cv_Spearman_std": 0.21006489077197546,
  "test_MAE": 0.08202272727272737,
  "test_RMSE": 0.11495601156946762,
  "test_R2": 0.7228911779091021,
  "test_Spearman": 0.7106473495156684,
  "n_cv_val_per_fold_avg": 17.2,
  "n_test": 22
}