{
  "MAE": 0.08202272727272737,
  "RMSE": 0.11495601156946762,
  "R2": 0.7228911779091021,
  "Spearman": 0.7106473495156684,
  "n": 22
}