{
  "model": "lasso",
  "cv_MAE_mean": 0.12739869203139295,
  "cv_MAE_std": 0.02870458542037499,
  "cv_RMSE_mean": 0.18280237650566472,
  "cv_RMSE_std": 0.03721854392315147,
  "cv_R2_mean": 0.07952428002821596,
  "cv_R2_std": 0.3278964338263345,
  "cv_Spearman_mean": 0.5062000331303343,
  "cv_Spearman_std": 0.16448683554465768,
  "test_MAE": 0.10418862783747794,
  "test_RMSE": 0.1314189392771733,
  "test_R2": 0.6680538362833013,
  "test_Spearman": 0.631344569235848,
  "n_cv_val_per_fold_avg": 12.0,
  "n_test": 15
}