{
  "MAE": 0.10418862783747794,
  "RMSE": 0.1314189392771733,
  "R2": 0.6680538362833013,
  "Spearman": 0.631344569235848,
  "n": 15
}