{
  "model": "linearsvr",
  "cv_MAE_mean": 0.06673489310935563,
  "cv_MAE_std": 0.041682983824524095,
  "cv_RMSE_mean": 0.11838766209157665,
  "cv_RMSE_std": 0.04420296429202291,
  "cv_R2_mean": 0.6214145609948882,
  "cv_R2_std": 0.3187220902081837,
  "cv_Spearman_mean": 0.7059897354015299,
  "cv_Spearman_std": 0.23100382747577164,
  "test_MAE": 0.06394160382379617,
  "test_RMSE": 0.11222787287619237,
  "test_R2": 0.7358878135472869,
  "test_Spearman": 0.6323999965844568,
  "n_cv_val_per_fold_avg": 17.2,
  "n_test": 22
}