{
  "MAE": 0.06394160382379617,
  "RMSE": 0.11222787287619237,
  "R2": 0.7358878135472869,
  "Spearman": 0.6323999965844568,
  "n": 22
}