{
  "model": "linearsvr",
  "cv_MAE_mean": 0.14289812570401667,
  "cv_MAE_std": 0.05378314840796998,
  "cv_RMSE_mean": 0.19534266037306383,
  "cv_RMSE_std": 0.08315526809504646,
  "cv_R2_mean": -1.708963208986613,
  "cv_R2_std": 4.131956829006616,
  "cv_Spearman_mean": 0.4231501415877424,
  "cv_Spearman_std": 0.30764793960579934,
  "test_MAE": 0.0773144788237714,
  "test_RMSE": 0.08985401613530838,
  "test_R2": 0.7626544678856096,
  "test_Spearman": 0.5606510100022845,
  "n_cv_val_per_fold_avg": 11.2,
  "n_test": 14
}