{
  "MAE": 0.0773144788237714,
  "RMSE": 0.08985401613530838,
  "R2": 0.7626544678856096,
  "Spearman": 0.5606510100022845,
  "n": 14
}